date,barge_tonnes,rail_tonnes,road_tonnes,kaub_w_min_cm,kaub_days_below80_pct,total_demand_tonnes
2005-01-01,9146605,4205259,4108000,134.0,0.0,17459864
2005-02-01,8197456,4032717,3679000,126.0,0.0,15909173
2005-03-01,9155586,3825223,4303000,133.0,0.0,17283809
2005-04-01,8562133,4716102,4779000,215.0,0.0,18057235
2005-05-01,8871706,3900531,4148000,228.0,0.0,16920237
2005-06-01,8642338,4291899,4745000,152.0,0.0,17679237
2005-07-01,8472033,4371578,4488000,141.0,0.0,17331611
2005-08-01,8943921,4015118,4360000,142.0,0.0,17319039
2005-09-01,8947893,4011098,5026000,111.0,0.0,17984991
2005-10-01,8392521,4672726,4440000,83.0,0.0,17505247
2005-11-01,7695939,4817439,4694000,57.0,73.2,17207378
2005-12-01,8140868,4206119,4232000,57.0,19.1,16578987
2006-01-01,8141937,4234296,4349000,67.0,19.2,16725233
2006-02-01,7912553,4601772,4245000,55.0,46.6,16759325
2006-03-01,9984521,4988256,5450000,117.0,0.0,20422777
2006-04-01,8805175,3948623,4083000,319.0,0.0,16836798
2006-05-01,9267685,5150145,5381000,240.0,0.0,19798830
2006-06-01,9013659,4653390,4953000,213.0,0.0,18620049
2006-07-01,8603168,4744860,5264000,114.0,0.0,18612028
2006-08-01,9040424,4613102,5198000,118.0,0.0,18851526
2006-09-01,9562133,4182673,5343000,138.0,0.0,19087806
2006-10-01,9734691,5200741,5495000,127.0,0.0,20430432
2006-11-01,8574710,5394887,5607000,94.0,0.0,19576597
2006-12-01,8242540,4292307,4693000,98.0,0.0,17227847
2007-01-01,9153776,4964099,5119000,100.0,0.0,19236875
2007-02-01,8478020,4367732,4867000,164.0,0.0,17712752
2007-03-01,8912524,5927628,5902000,214.0,0.0,20742152
2007-04-01,8720695,4670947,5204000,133.0,0.0,18595642
2007-05-01,9020057,4755195,5284000,125.0,0.0,19059252
2007-06-01,8864623,5052739,5027000,234.0,0.0,18944362
2007-07-01,9308557,5414998,5750000,238.0,0.0,20473555
2007-08-01,9189536,4748659,5483000,203.0,0.0,19421195
2007-09-01,8579292,4754187,5652000,161.0,0.0,18985479
2007-10-01,9317494,5238144,6163000,93.0,0.0,20718638
2007-11-01,9125230,4966982,5711000,86.0,0.0,19803212
2007-12-01,8752534,4105544,4128000,142.0,0.0,16986078
2008-01-01,9451801,5515879,5439000,126.0,0.0,20406680
2008-02-01,8681678,5340105,5919000,123.0,0.0,19940783
2008-03-01,8835891,5146946,4795000,159.0,0.0,18777837
2008-04-01,9126628,5179400,4951000,265.0,0.0,19257028
2008-05-01,8830311,4822098,5618000,210.0,0.0,19270409
2008-06-01,8934248,5186086,5852000,202.0,0.0,19972334
2008-07-01,9063116,5237311,5713000,192.0,0.0,20013427
2008-08-01,8911506,4528950,5009000,166.0,0.0,18449456
2008-09-01,9286365,4758621,5403000,146.0,0.0,19447986
2008-10-01,9661845,4815257,5813000,111.0,0.0,20290102
2008-11-01,8908966,4586698,4560000,115.0,0.0,18055664
2008-12-01,7832529,3562070,3528000,143.0,0.0,14922599
2009-01-01,7151034,3519681,3933000,96.0,0.0,14603715
2009-02-01,7324716,3916701,4343000,111.0,0.0,15584417
2009-03-01,7148439,4355736,4250000,229.0,0.0,15754175
2009-04-01,6139108,3387277,4491000,204.0,0.0,14017385
2009-05-01,5854627,3226516,3583000,190.0,0.0,12664143
2009-06-01,6289976,3550473,4176000,193.0,0.0,14016449
2009-07-01,6979239,3379640,5443000,210.0,0.0,15801879
2009-08-01,6987390,2702604,4216000,125.0,0.0,13905994
2009-09-01,6986726,3878684,4478000,65.0,14.8,15343410
2009-10-01,7174286,4189399,4592000,52.0,33.5,15955685
2009-11-01,7883275,4301202,4601000,76.0,4.5,16785477
2009-12-01,7766489,3810730,3537000,157.0,0.0,15114219
2010-01-01,7798137,3963424,3709000,151.0,0.0,15470561
2010-02-01,7432824,4183009,4118000,137.0,0.0,15733833
2010-03-01,9300621,5040411,4655000,165.0,0.0,18996032
2010-04-01,8523999,4183855,4886000,119.0,0.0,17593854
2010-05-01,8834905,4477402,4007000,129.0,0.0,17319307
2010-06-01,8564315,4837230,4795000,213.0,0.0,18196545
2010-07-01,8714484,3965179,4322000,161.0,0.0,17001663
2010-08-01,8667814,4018911,4042000,251.0,0.0,16728725
2010-09-01,9111038,4259558,4774000,154.0,0.0,18144596
2010-10-01,9018237,4396806,4618000,121.0,0.0,18033043
2010-11-01,9147249,4786911,4658000,120.0,0.0,18592160
2010-12-01,8421085,3976293,3600000,161.0,0.0,15997378
2011-01-01,7683745,4215076,3735000,216.0,0.0,15633821
2011-02-01,7895243,4477136,4365000,155.0,0.0,16737379
2011-03-01,9267870,5470690,4749000,120.0,0.0,19487560
2011-04-01,8237768,4722596,4400000,87.0,0.0,17360364
2011-05-01,8860276,5274119,4750000,68.0,23.2,18884395
2011-06-01,8787749,4812419,4097000,92.0,0.0,17697168
2011-07-01,9060588,4779892,4269000,142.0,0.0,18109480
2011-08-01,8976092,4590130,4214000,146.0,0.0,17780222
2011-09-01,8605434,4655271,4836000,109.0,0.0,18096705
2011-10-01,8768369,4483319,3946000,85.0,0.0,17197688
2011-11-01,7324939,4730304,4156000,47.0,73.1,16211243
2011-12-01,8154651,4251235,3503000,47.0,14.1,15908886
2012-01-01,8215045,4244579,3879000,231.0,0.0,16338624
2012-02-01,7899546,4253602,3845000,145.0,0.0,15998148
2012-03-01,9111094,4960282,4637000,146.0,0.0,18708376
2012-04-01,8184654,4849201,3887000,143.0,0.0,16920855
2012-05-01,8612573,4855279,3899000,175.0,0.0,17366852
2012-06-01,8290636,4997919,4217000,199.0,0.0,17505555
2012-07-01,8638144,5264052,4390000,160.0,0.0,18292196
2012-08-01,7735797,4519767,3883000,115.0,0.0,16138564
2012-09-01,7867096,4431523,3923000,149.0,0.0,16221619
2012-10-01,9086399,5323683,4411000,158.0,0.0,18821082
2012-11-01,8529898,5031579,3876000,156.0,0.0,17437477
2012-12-01,7869766,5490484,2948000,208.0,0.0,16308250
2013-01-01,8309003,4771272,4176000,172.0,0.0,17256275
2013-02-01,8275652,5129540,3411000,200.0,0.0,16816192
2013-03-01,8928518,5229373,3954000,181.0,0.0,18111891
2013-04-01,9004089,5217392,4210000,172.0,0.0,18431481
2013-05-01,9174313,5419933,4202000,283.0,0.0,18796246
2013-06-01,8316944,5068802,3918000,316.0,0.0,17303746
2013-07-01,8481828,5648169,4438000,178.0,0.0,18567997
2013-08-01,8011656,4720676,3506000,124.0,0.0,16238332
2013-09-01,8673816,5112068,4415000,110.0,0.0,18200884
2013-10-01,9511605,5923328,3752000,148.0,0.0,19186933
2013-11-01,9078253,5354328,3923000,215.0,0.0,18355581
2013-12-01,8781561,4673983,3660000,144.0,0.0,17115544
2014-01-01,9208095,5231776,3700000,208.0,0.0,18139871
2014-02-01,8472976,5388610,3877000,174.0,0.0,17738586
2014-03-01,9090568,5758248,4142000,131.0,0.0,18990816
2014-04-01,8215408,5562090,3872000,108.0,0.0,17649498
2014-05-01,9241777,5574875,3818000,172.0,0.0,18634652
2014-06-01,7948343,4831302,3624000,110.0,0.0,16403645
2014-07-01,9064242,5584266,4308000,150.0,0.0,18956508
2014-08-01,8174715,4504193,3316000,211.0,0.0,15994908
2014-09-01,8270931,5104722,4034000,165.0,0.0,17409653
2014-10-01,8960808,5234802,4000000,133.0,0.0,18195610
2014-11-01,8927997,4744479,3703000,164.0,0.0,17375476
2014-12-01,8317962,4369245,3163000,138.0,0.0,15850207
2015-01-01,9165317,4536650,3313000,173.0,0.0,17014967
2015-02-01,8494911,4569413,3520000,163.0,0.0,16584324
2015-03-01,9562501,5130732,3996000,174.0,0.0,18689233
2015-04-01,8714119,4565284,3770000,188.0,0.0,17049403
2015-05-01,8030851,4153548,3373000,246.0,0.0,15557399
2015-06-01,8140134,5154996,3660000,200.0,0.0,16955130
2015-07-01,8543621,5393152,3895000,120.0,0.0,17831773
2015-08-01,8089141,4537422,3666000,89.0,0.0,16292563
2015-09-01,8007515,5072114,3784000,67.0,17.2,16863629
2015-10-01,8603502,4959471,4381000,67.0,19.3,17943973
2015-11-01,8529267,5204363,4022000,51.0,66.0,17755630
2015-12-01,8578437,4604419,3114000,79.0,0.0,16296856
2016-01-01,9071517,4384132,3396000,76.0,3.0,16851649
2016-02-01,8984316,4968123,3809000,227.0,0.0,17761439
2016-03-01,9426092,4835768,4150000,167.0,0.0,18411860
2016-04-01,8477294,4599814,3901000,190.0,0.0,16978108
2016-05-01,8832717,4399800,3956000,214.0,0.0,17188517
2016-06-01,8354171,4692475,4366000,406.0,0.0,17412646
2016-07-01,8594681,4345079,3386000,230.0,0.0,16325760
2016-08-01,8931532,4005626,3703000,150.0,0.0,16640158
2016-09-01,8208318,4507816,3850000,103.0,0.0,16566134
2016-10-01,7794137,4550198,3665000,68.0,27.1,16009335
2016-11-01,8697579,4607079,3976000,92.0,0.0,17280658
2016-12-01,7188898,4335758,3573000,61.0,41.9,15097656
2017-01-01,7403664,4314332,3377000,50.0,86.5,15094996
2017-02-01,8478039,4768196,3292000,61.0,4.0,16538235
2017-03-01,9502007,4885755,4712000,161.0,0.0,19099762
2017-04-01,8157213,3865098,3701000,103.0,0.0,15723311
2017-05-01,9361531,4431888,4413000,162.0,0.0,18206419
2017-06-01,8582969,4130520,3616000,133.0,0.0,16329489
2017-07-01,8388458,4333446,3505000,118.0,0.0,16226904
2017-08-01,8233143,3942259,3824000,124.0,0.0,15999402
2017-09-01,8039191,4021668,3484000,124.0,0.0,15544859
2017-10-01,8372453,4172470,3615000,113.0,0.0,16159923
2017-11-01,8762344,4323974,3910000,118.0,0.0,16996318
2017-12-01,8187286,3466005,2780000,204.0,0.0,14433291
2018-01-01,7820097,4196947,3546000,320.0,0.0,15563044
2018-02-01,7943170,3911702,3430000,202.0,0.0,15284872
2018-03-01,9009304,4339759,3515000,174.0,0.0,16864063
2018-04-01,8279319,4161097,4104000,196.0,0.0,16544416
2018-05-01,8157947,4035489,3147000,181.0,0.0,15340436
2018-06-01,7589297,4212882,3956000,141.0,0.0,15758179
2018-07-01,7638518,4181792,3652000,80.0,0.0,15472310
2018-08-01,6791433,4022651,3736000,54.0,96.7,14550084
2018-09-01,6840267,4043862,3366000,59.0,52.2,14250129
2018-10-01,6280663,4653309,3689000,24.0,100.0,14622972
2018-11-01,6126446,4612812,4079000,27.0,100.0,14818258
2018-12-01,7699627,3990429,2566000,33.0,9.4,14256056
2019-01-01,9006139,4848443,2903000,152.0,0.0,16757582
2019-02-01,8211755,4720786,3607000,142.0,0.0,16539541
2019-03-01,8009801,5088035,3663000,142.0,0.0,16760836
2019-04-01,7245345,4650482,3752000,126.0,0.0,15647827
2019-05-01,7871397,4894833,3892000,154.0,0.0,16658230
2019-06-01,7499468,4434795,2957000,233.0,0.0,14891263
2019-07-01,7331037,4728214,3448000,129.0,0.0,15507251
2019-08-01,7313239,4223780,2922000,140.0,0.0,14459019
2019-09-01,6730953,4478814,3154000,98.0,0.0,14363767
2019-10-01,7225404,4838450,3716000,108.0,0.0,15779854
2019-11-01,6949436,4409937,3478000,123.0,0.0,14837373
2019-12-01,7079691,3781504,2687000,153.0,0.0,13548195
2020-01-01,6837099,4333163,2674000,106.0,0.0,13844262
2020-02-01,6485123,4452393,2767000,167.0,0.0,13704516
2020-03-01,7354356,4775605,3378000,177.0,0.0,15507961
2020-04-01,6391460,3800750,2489000,111.0,0.0,12681210
2020-05-01,6205514,3702294,2810000,115.0,0.0,12717808
2020-06-01,6013595,3737807,3004000,99.0,0.0,12755402
2020-07-01,6166482,4044723,3032000,112.0,0.0,13243205
2020-08-01,5836499,3644325,2876000,84.0,0.0,12356824
2020-09-01,6127618,4360788,3517000,76.0,3.1,14005406
2020-10-01,7452528,4872566,3600000,122.0,0.0,15925094
2020-11-01,6833129,4796160,3605000,87.0,0.0,15234289
2020-12-01,6831239,4360918,2751000,85.0,0.0,13943157
2021-01-01,7304130,4686009,2699000,107.0,0.0,14689139
2021-02-01,6230563,4141546,2895000,213.0,0.0,13267109
2021-03-01,8090929,5598311,3828000,163.0,0.0,17517240
2021-04-01,7017544,4888331,3850000,94.0,0.0,15755875
2021-05-01,7789832,4906682,3222000,110.0,0.0,15918514
2021-06-01,7341684,4997922,3504000,205.0,0.0,15843606
2021-07-01,7036739,4764404,3139000,314.0,0.0,14940143
2021-08-01,6788323,4436208,2815000,204.0,0.0,14039531
2021-09-01,7025039,4809147,3374000,125.0,0.0,15208186
2021-10-01,7685773,4827061,3154000,74.0,8.5,15666834
2021-11-01,7637441,4667953,3145000,67.0,36.8,15450394
2021-12-01,8265098,4737766,2658000,76.0,0.8,15660864
2022-01-01,8485632,4793266,2893000,142.0,0.0,16171898
2022-02-01,7252296,4795906,3014000,144.0,0.0,15062202
2022-03-01,7602916,5314144,3401000,93.0,0.0,16318060
2022-04-01,7727330,4578561,3077000,98.0,0.0,15382891
2022-05-01,7494796,4993253,3150000,138.0,0.0,15638049
2022-06-01,6878320,4458224,3239000,117.0,0.0,14575544
2022-07-01,6338492,4775727,2902000,65.0,48.4,14016219
2022-08-01,5588464,4835547,2627000,30.0,67.3,13051011
2022-09-01,6588151,4622080,2994000,66.0,21.5,14204231
2022-10-01,7297611,4578044,3261000,117.0,0.0,15136655
2022-11-01,6967322,4891154,3263000,112.0,0.0,15121476
2022-12-01,6665496,4111763,2291000,91.0,0.0,13068259
2023-01-01,7655400,4542656,2735000,147.0,0.0,14933056
2023-02-01,6577454,4278768,1785000,115.0,0.0,12641222
2023-03-01,7093936,5165580,2864000,90.0,0.0,15123516
2023-04-01,6680857,4099137,2612000,198.0,0.0,13391994
2023-05-01,7075132,4239236,2830000,194.0,0.0,14144368
2023-06-01,6147539,4522228,2864000,115.0,0.0,13533767
2023-07-01,5737834,4369380,2882000,89.0,0.0,12989214
2023-08-01,5820908,4131974,2607000,107.0,0.0,12559882
2023-09-01,5616512,4262138,2547000,116.0,0.0,12425650
2023-10-01,5801307,4563489,2507000,67.0,23.9,12871796
2023-11-01,6611134,4330057,3324000,189.0,0.0,14265191
2023-12-01,6441082,3514370,3324000,354.0,0.0,13279452
2024-01-01,6409496,4124212,2779000,247.0,0.0,13312708
2024-02-01,6123775,4464427,2729000,256.0,0.0,13317202
2024-03-01,6615173,4396248,2765000,216.0,0.0,13776421
2024-04-01,6429467,4418541,2839000,200.0,0.0,13687008
2024-05-01,6315126,4152341,3013000,232.0,0.0,13480467
2024-06-01,6224548,4242644,2923000,328.0,0.0,13390192
2024-07-01,6610022,4377652,3125000,224.0,0.0,14112674
2024-08-01,6247322,3886217,2743000,118.0,0.0,12876539
2024-09-01,6314334,4007126,2892000,114.0,0.0,13213460
2024-10-01,7029704,4401936,2941000,161.0,0.0,14372640
2024-11-01,6167202,4011289,2758000,106.0,0.0,12936491
2024-12-01,6070004,3462304,2240000,174.0,0.0,11772308
2025-01-01,6397540,3910049,2530000,177.0,0.0,12837589
2025-02-01,6096066,3996112,2711000,174.0,0.0,12803178
2025-03-01,6787434,4165488,3124000,100.0,0.0,14076922
2025-04-01,6130139,3774351,2715000,76.0,3.2,12619490
2025-05-01,6501756,4099580,2918000,99.0,0.0,13519336
2025-06-01,6192518,3694706,2456000,109.0,0.0,12343224
2025-07-01,6027177,3994399,3096000,93.0,0.0,13117576
2025-08-01,6420728,3405442,2174000,107.0,0.0,12000170
2025-09-01,6614770,3740083,3054000,137.0,0.0,13408853
2025-10-01,6499195,3967481,3066000,112.0,0.0,13532676
2025-11-01,6965195,3652136,2568000,131.0,0.0,13185331
2025-12-01,6362427,3250127,1986000,98.0,0.0,11598554
2026-01-01,6717010,3230405,2482000,82.0,0.0,12429415
